archetype,mean_spended_tot,std_spended_tot
GLOBAL,83.88076152304609,34.54900449732976
c_arch_0,79.36454849498328,14.620623502120596
c_arch_1,94.99644128113879,32.732956112482704
c_arch_2,81.0548780487805,52.82187372818968
c_arch_3,94.90140845070422,59.1504510137563
c_arch_4,72.44808743169399,16.897762520230774
