archetype,mean_spended_tot,std_spended_tot
GLOBAL,83.49599198396794,35.19373924170854
c_arch_0,79.68561872909699,14.540668282295542
c_arch_1,96.81138790035587,38.26052626209636
c_arch_2,75.4939024390244,43.59764401683472
c_arch_3,94.3943661971831,66.3188141530289
c_arch_4,72.21857923497268,16.227648504706828
