archetype,mean_spended_tot,std_spended_tot
GLOBAL,83.9629258517034,34.6703580807128
c_arch_0,79.34782608695652,14.579546453454741
c_arch_1,94.8540925266904,30.35051292774346
c_arch_2,83.2439024390244,52.71128934053256
c_arch_3,90.5774647887324,66.3565395575471
c_arch_4,72.85792349726776,16.671734652512484
