archetype,mean_spended_tot,std_spended_tot
GLOBAL,83.74749498997996,35.68434511373388
c_arch_0,79.54515050167224,14.036402872462679
c_arch_1,95.95729537366547,36.234725232280596
c_arch_2,81.28658536585365,55.73433535947112
c_arch_3,86.08450704225352,55.857406844539234
c_arch_4,73.1639344262295,16.47993818123159
