archetype,mean_spended_tot,std_spended_tot
GLOBAL,83.39679358717434,34.75154499267064
c_arch_0,79.21739130434783,14.259445187821575
c_arch_1,95.85765124555161,34.63989782904255
c_arch_2,79.7560975609756,55.17569505275705
c_arch_3,87.11267605633803,52.501850115910784
c_arch_4,72.91256830601093,15.927480070291699
