archetype,mean_spended_tot,std_spended_tot
GLOBAL,85.0120240480962,37.333379157388784
c_arch_0,79.05685618729098,14.740032856366547
c_arch_1,97.37366548042705,39.25083097958177
c_arch_2,84.77439024390245,55.2005074907222
c_arch_3,90.19718309859155,59.866188816228146
c_arch_4,73.96174863387978,19.34600112588753
