archetype,mean_spended_tot,std_spended_tot
GLOBAL,85.46793587174349,37.98580310669867
c_arch_0,79.7190635451505,14.553119702656232
c_arch_1,96.37010676156584,36.88754672247596
c_arch_2,88.1280487804878,58.09978252895374
c_arch_3,93.98591549295774,67.26291547942861
c_arch_4,72.43169398907104,16.04781594377202
