archetype,mean_spended_tot,std_spended_tot
GLOBAL,84.6372745490982,36.90534795269246
c_arch_0,78.8695652173913,14.5802469395083
c_arch_1,95.77935943060498,33.687339731116126
c_arch_2,83.52439024390245,57.165184309787115
c_arch_3,95.05633802816901,65.4598868062274
c_arch_4,73.90710382513662,19.66636845377129
