archetype,mean_spended_tot,std_spended_tot
GLOBAL,82.93987975951904,32.206990911544345
c_arch_0,79.12709030100335,14.414893790165483
c_arch_1,94.86120996441281,32.49360306213101
c_arch_2,77.73780487804878,45.51664736983508
c_arch_3,89.77464788732394,55.620961409243286
c_arch_4,72.8743169398907,16.86893713465206
