archetype,mean_spended_tot,std_spended_tot
GLOBAL,83.25250501002004,35.12280174394561
c_arch_0,79.53177257525084,14.667048416894952
c_arch_1,96.59430604982207,38.84335532851697
c_arch_2,76.29268292682927,49.726734931934466
c_arch_3,87.52112676056338,53.03337470874344
c_arch_4,73.42622950819673,18.50701591027253
