archetype,mean_spended_tot,std_spended_tot
GLOBAL,83.9989939637827,35.03307312356901
c_arch_0,79.48993288590604,14.523923118648876
c_arch_1,96.5,36.325489929772345
c_arch_2,83.53086419753086,56.23643221760511
c_arch_3,83.92957746478874,46.604207027649956
c_arch_4,72.65573770491804,17.116169252051964
