archetype,mean_spended_tot,std_spended_tot
GLOBAL,84.82665330661322,36.80623735655528
c_arch_0,79.11036789297658,14.322666817444627
c_arch_1,96.22419928825623,31.999937245744253
c_arch_2,87.57926829268293,61.432788826648604
c_arch_3,88.49295774647888,61.229748427993165
c_arch_4,72.77595628415301,16.59865846023097
