archetype,mean_spended_tot,std_spended_tot
GLOBAL,85.56312625250501,38.2790462156993
c_arch_0,79.1571906354515,14.557870174833079
c_arch_1,96.68327402135232,35.31161339660187
c_arch_2,89.1890243902439,61.20473237667179
c_arch_3,93.88732394366197,65.85884240355594
c_arch_4,72.47540983606558,16.39847877966599
