archetype,mean_spended_tot,std_spended_tot
GLOBAL,84.12324649298597,34.75329069777905
c_arch_0,79.50836120401338,14.572743830232419
c_arch_1,96.30604982206405,37.46444408251367
c_arch_2,81.04878048780488,50.684856328891314
c_arch_3,92.09859154929578,53.18059660374999
c_arch_4,72.61748633879782,17.032809974423255
