archetype,mean_spended_tot,std_spended_tot
GLOBAL,83.41282565130261,34.15663835424457
c_arch_0,79.55183946488295,14.296470969280643
c_arch_1,96.30960854092527,37.70221971757002
c_arch_2,82.6280487804878,53.27105770310388
c_arch_3,77.11267605633803,41.079208955999924
c_arch_4,73.06557377049181,16.552482818106288
