archetype,mean_spended_tot,std_spended_tot
GLOBAL,84.76452905811624,36.09226536511966
c_arch_0,79.62541806020067,14.713146067052108
c_arch_1,95.01423487544484,34.11335845700427
c_arch_2,87.35975609756098,57.5940827732528
c_arch_3,91.19718309859155,59.38316734041964
c_arch_4,72.60109289617486,16.956291545465927
