archetype,mean_spended_tot,std_spended_tot
GLOBAL,85.03507014028057,37.15215499007169
c_arch_0,79.88294314381271,14.621959101062087
c_arch_1,96.53024911032028,37.201190115494306
c_arch_2,83.67073170731707,56.00406533842561
c_arch_3,95.5774647887324,63.212038178053895
c_arch_4,72.93442622950819,17.212826343759104
