archetype,mean_spended_tot,std_spended_tot
GLOBAL,84.18436873747495,35.807213599911314
c_arch_0,79.92307692307692,14.352142553288063
c_arch_1,96.47330960854093,39.110377222770055
c_arch_2,78.76829268292683,46.16316721026772
c_arch_3,95.71830985915493,66.00458492702101
c_arch_4,72.65573770491804,16.552831084073087
