archetype,mean_spended_tot,std_spended_tot
GLOBAL,84.12024048096193,36.64215487226884
c_arch_0,79.07357859531773,14.357887394713469
c_arch_1,96.72241992882562,37.44683606482511
c_arch_2,80.07317073170732,51.926512605384694
c_arch_3,92.2394366197183,66.3629554126897
c_arch_4,73.49180327868852,17.61644737621324
