archetype,mean_spended_tot,std_spended_tot
GLOBAL,83.55310621242485,34.25865806373222
c_arch_0,79.37458193979933,14.132409183789644
c_arch_1,97.3202846975089,38.041198267574906
c_arch_2,76.78658536585365,46.36104844380268
c_arch_3,90.01408450704226,55.476505440912675
c_arch_4,72.79781420765028,16.495007424106706
