archetype,mean_spended_tot,std_spended_tot
GLOBAL,83.91082164328657,36.117870435848154
c_arch_0,79.44816053511705,14.241439968515351
c_arch_1,96.23843416370107,36.489481112028926
c_arch_2,80.0548780487805,50.820899648563206
c_arch_3,92.50704225352112,67.54170631954254
c_arch_4,72.39344262295081,15.965565991341723
