archetype,mean_spended_tot,std_spended_tot
GLOBAL,84.5250501002004,35.368710902153836
c_arch_0,78.98327759197325,14.563321168247638
c_arch_1,96.62633451957295,34.60077234504182
c_arch_2,82.46341463414635,50.11170224986546
c_arch_3,94.67605633802818,66.0590157462871
c_arch_4,72.90710382513662,16.729164631217895
