archetype,mean_spended_tot,std_spended_tot
GLOBAL,84.4438877755511,34.12171202342667
c_arch_0,79.61204013377926,14.7833341517629
c_arch_1,96.44839857651246,33.96644887550064
c_arch_2,82.3109756097561,50.83855960391312
c_arch_3,91.92957746478874,56.639795183160246
c_arch_4,72.91256830601093,16.61599274181753
