archetype,mean_spended_tot,std_spended_tot
GLOBAL,85.27254509018036,36.4762033106428
c_arch_0,79.35451505016722,14.067719892318452
c_arch_1,97.61565836298932,38.42992189423696
c_arch_2,82.72560975609755,51.69795788345192
c_arch_3,97.15492957746478,62.21268770167704
c_arch_4,73.66120218579235,17.9141718310661
