archetype,mean_spended_tot,std_spended_tot
GLOBAL,84.76352705410822,35.677849138396724
c_arch_0,79.63210702341136,14.403990378854923
c_arch_1,95.7864768683274,33.024081506211914
c_arch_2,82.67682926829268,52.44452938369665
c_arch_3,97.29577464788733,66.99880475825077
c_arch_4,73.22950819672131,18.32735909821822
