archetype,mean_spended_tot,std_spended_tot
GLOBAL,83.68837675350701,36.15948853348662
c_arch_0,78.67892976588628,14.406045670859488
c_arch_1,97.34163701067615,39.35621220009869
c_arch_2,78.9939024390244,48.85354310843883
c_arch_3,90.77464788732394,63.065316975588004
c_arch_4,72.36612021857924,16.589495873176112
