archetype,mean_spended_tot,std_spended_tot
GLOBAL,82.83867735470942,32.920697806795765
c_arch_0,78.74247491638796,14.136578590908018
c_arch_1,95.50533807829181,33.03873495031912
c_arch_2,78.61585365853658,49.09030109125413
c_arch_3,85.29577464788733,54.088920007757906
c_arch_4,72.91256830601093,15.940583546630966
