archetype,mean_spended_tot,std_spended_tot
GLOBAL,84.6132264529058,35.65392422087456
c_arch_0,79.36120401337793,14.491722928789939
c_arch_1,96.8185053380783,38.93381489198974
c_arch_2,83.32926829268293,51.80166396599021
c_arch_3,89.95774647887323,53.25181059825056
c_arch_4,73.53005464480874,19.55347481829061
