archetype,mean_spended_tot,std_spended_tot
GLOBAL,85.68537074148297,38.75566036133244
c_arch_0,79.3010033444816,15.107768313667373
c_arch_1,99.02491103202847,39.70286179064497
c_arch_2,84.70731707317073,55.40148783297646
c_arch_3,95.15492957746478,69.56695600792993
c_arch_4,72.8360655737705,16.593571171253537
