archetype,mean_spended_tot,std_spended_tot
GLOBAL,84.06112224448898,35.794454885424926
c_arch_0,78.78929765886288,14.678629600706127
c_arch_1,98.12811387900356,40.10189645944599
c_arch_2,79.48170731707317,48.87011363689607
c_arch_3,90.46478873239437,57.09836899995243
c_arch_4,72.69398907103825,16.819805075894568
