archetype,mean_spended_tot,std_spended_tot
GLOBAL,84.25751503006012,36.51054475452388
c_arch_0,79.02341137123746,14.667779156043844
c_arch_1,97.51957295373666,39.05015741456996
c_arch_2,80.10365853658537,49.75370244291769
c_arch_3,93.40845070422536,64.822521982231
c_arch_4,72.61748633879782,16.42753384936598
