archetype,mean_spended_tot,std_spended_tot
GLOBAL,83.26553106212425,31.804357969089946
c_arch_0,79.24749163879599,14.517483745161803
c_arch_1,94.96797153024912,31.585864364559182
c_arch_2,81.15243902439025,48.55009360553993
c_arch_3,84.28169014084507,47.48027653626039
c_arch_4,73.36065573770492,18.49356833867699
