archetype,mean_spended_tot,std_spended_tot
GLOBAL,85.1753507014028,37.075924616734945
c_arch_0,79.3076923076923,14.386059190031917
c_arch_1,95.1032028469751,33.30872939622358
c_arch_2,88.39634146341463,59.878262891479174
c_arch_3,95.85915492957747,63.94781260073336
c_arch_4,72.48633879781421,16.614523609291545
