archetype,mean_spended_tot,std_spended_tot
GLOBAL,84.99799599198397,37.81786043253993
c_arch_0,79.74916387959867,14.056476127061044
c_arch_1,97.86120996441281,40.011051472803466
c_arch_2,82.90853658536585,51.73905906979852
c_arch_3,91.56338028169014,69.71712894555012
c_arch_4,73.14754098360656,17.850264933768596
