archetype,mean_spended_tot,std_spended_tot
GLOBAL,83.57314629258516,34.01212481194481
c_arch_0,79.64214046822742,14.510203425752257
c_arch_1,94.69750889679716,33.68781510619804
c_arch_2,77.45121951219512,46.426180587061445
c_arch_3,95.67605633802818,63.54813128597597
c_arch_4,73.70491803278688,18.90869698931959
