archetype,mean_spended_tot,std_spended_tot
GLOBAL,83.45490981963928,33.6766658743874
c_arch_0,79.54180602006689,14.360206414636606
c_arch_1,96.0711743772242,32.851102205495515
c_arch_2,76.6280487804878,46.559962722114825
c_arch_3,92.0,62.01198040931861
c_arch_4,73.27868852459017,18.67371468799402
