archetype,mean_spended_tot,std_spended_tot
GLOBAL,83.37675350701403,34.444966363821244
c_arch_0,79.80936454849498,14.49972619265482
c_arch_1,95.68327402135232,34.902354166808834
c_arch_2,73.09146341463415,39.085530566768185
c_arch_3,101.02816901408451,73.01467011713387
c_arch_4,72.6775956284153,16.604973791812917
