archetype,mean_spended_tot,std_spended_tot
GLOBAL,84.8376753507014,36.1785900019667
c_arch_0,78.97324414715719,14.099810312539253
c_arch_1,95.80427046263345,34.91306728736824
c_arch_2,81.40853658536585,52.54186925528197
c_arch_3,104.21126760563381,65.65666444096196
c_arch_4,73.13661202185793,17.379030040880664
