archetype,mean_spended_tot,std_spended_tot
GLOBAL,85.54208416833667,37.871261264370276
c_arch_0,78.89632107023411,14.372067655766763
c_arch_1,98.5017793594306,38.00715389005827
c_arch_2,86.79878048780488,61.389451730568
c_arch_3,92.52112676056338,54.24464664960815
c_arch_4,72.66666666666667,16.438808723092812
