archetype,mean_spended_tot,std_spended_tot
GLOBAL,83.14829659318637,33.877590313961974
c_arch_0,78.79264214046823,14.62726421556367
c_arch_1,97.29893238434164,36.19939273759177
c_arch_2,78.7439024390244,50.07474437220167
c_arch_3,81.59154929577464,49.26040933209339
c_arch_4,73.08743169398907,16.769379652122257
