archetype,mean_spended_tot,std_spended_tot
GLOBAL,83.98997995991984,35.44580532510207
c_arch_0,79.5351170568562,15.1074875065783
c_arch_1,97.09964412811388,39.60227311136557
c_arch_2,79.4329268292683,49.37065658119626
c_arch_3,88.07042253521126,53.693661223027064
c_arch_4,73.63934426229508,19.32205320940262
