archetype,mean_spended_tot,std_spended_tot
GLOBAL,84.67434869739479,36.39391038988603
c_arch_0,79.84949832775919,15.084352021945687
c_arch_1,95.62277580071175,33.528666531943536
c_arch_2,84.0060975609756,54.92018714877691
c_arch_3,93.4225352112676,67.88891387970939
c_arch_4,72.95081967213115,16.96773884206019
