archetype,mean_spended_tot,std_spended_tot
GLOBAL,83.59919839679358,33.036250709509126
c_arch_0,79.32107023411372,14.382266445609334
c_arch_1,96.355871886121,33.70462096399225
c_arch_2,79.22560975609755,49.000228648460165
c_arch_3,86.28169014084507,48.14952398476809
c_arch_4,73.87978142076503,21.304871649365005
