archetype,mean_spended_tot,std_spended_tot
GLOBAL,84.03406813627255,36.13530298820691
c_arch_0,79.56187290969899,14.572614445680344
c_arch_1,94.96797153024912,33.57511364430146
c_arch_2,82.01219512195122,54.59510616564243
c_arch_3,88.88732394366197,60.29085438718229
c_arch_4,74.48087431693989,26.103101059944116
