archetype,mean_spended_tot,std_spended_tot
GLOBAL,84.1182364729459,35.30517546110216
c_arch_0,79.09030100334448,14.648059389175913
c_arch_1,96.50533807829181,36.93721710033713
c_arch_2,83.75,54.5912165118657
c_arch_3,86.77464788732394,51.58465917668008
c_arch_4,72.6120218579235,16.45631138351387
