archetype,mean_spended_tot,std_spended_tot
GLOBAL,83.55911823647294,34.49611511312167
c_arch_0,79.79933110367892,14.614964274986438
c_arch_1,93.43416370106762,28.976285379382087
c_arch_2,81.3048780487805,55.34159154921153
c_arch_3,92.6056338028169,62.927504518689595
c_arch_4,73.04918032786885,17.027540293457683
