archetype,mean_spended_tot,std_spended_tot
GLOBAL,83.07615230460922,33.38009744054487
c_arch_0,79.5351170568562,14.830403795851169
c_arch_1,94.45907473309609,34.25126584519128
c_arch_2,79.6280487804878,52.430632582291054
c_arch_3,86.16901408450704,46.389957631087405
c_arch_4,73.27322404371584,17.815652273269592
