archetype,mean_spended_tot,std_spended_tot
GLOBAL,83.52805611222445,34.84274335816608
c_arch_0,79.3913043478261,14.717840312381192
c_arch_1,94.5693950177936,33.80262546846414
c_arch_2,81.1951219512195,50.46773591807634
c_arch_3,90.04225352112677,64.63953602638433
c_arch_4,72.89617486338798,17.270795288675068
