archetype,mean_spended_tot,std_spended_tot
GLOBAL,82.49699398797596,31.789451058137153
c_arch_0,79.52508361204013,14.575257359316197
c_arch_1,94.13879003558719,31.77699005730696
c_arch_2,77.25,48.957020715119235
c_arch_3,85.45070422535211,47.65344800368426
c_arch_4,73.0327868852459,16.509371843716917
