archetype,mean_spended_tot,std_spended_tot
GLOBAL,84.6062124248497,35.881005855837515
c_arch_0,79.36454849498328,14.694342633008954
c_arch_1,96.63345195729538,38.11276714996102
c_arch_2,83.33536585365853,54.26285462348872
c_arch_3,90.8169014084507,53.23433635732135
c_arch_4,73.43169398907104,18.077807440060553
