archetype,mean_spended_tot,std_spended_tot
GLOBAL,83.73647294589178,35.2587184120033
c_arch_0,79.97658862876254,14.552478065734919
c_arch_1,94.22064056939502,33.97816106837164
c_arch_2,81.95731707317073,54.44458550597344
c_arch_3,91.38028169014085,60.28417612730632
c_arch_4,72.40983606557377,16.94468413109693
