archetype,mean_spended_tot,std_spended_tot
GLOBAL,84.2124248496994,35.45756170378608
c_arch_0,78.88294314381271,14.149359438394752
c_arch_1,96.69750889679716,36.51542180348636
c_arch_2,83.72560975609755,53.226950853603554
c_arch_3,87.32394366197182,57.54024049005986
c_arch_4,72.97814207650273,16.704594447337925
