archetype,mean_spended_tot,std_spended_tot
GLOBAL,83.58216432865731,34.379858734218274
c_arch_0,79.38127090301003,14.054846439805006
c_arch_1,98.12455516014235,41.52291280423184
c_arch_2,79.29268292682927,45.82521817709767
c_arch_3,79.43661971830986,45.54737953709496
c_arch_4,73.56830601092896,18.456497139898286
