archetype,mean_spended_tot,std_spended_tot
GLOBAL,84.03306613226452,34.572963109228745
c_arch_0,79.95652173913044,14.535819536788061
c_arch_1,96.72597864768683,35.767598084013734
c_arch_2,80.09756097560975,52.117401626490086
c_arch_3,88.63380281690141,53.80447125249502
c_arch_4,72.94535519125684,16.300652847425063
