archetype,mean_spended_tot,std_spended_tot
GLOBAL,83.81763527054109,35.48052158374794
c_arch_0,79.69565217391305,14.419099045175603
c_arch_1,96.64056939501779,38.62533853337066
c_arch_2,77.82317073170732,51.195875022628854
c_arch_3,91.49295774647888,55.338406513130415
c_arch_4,73.2568306010929,16.90908608108433
