archetype,mean_spended_tot,std_spended_tot
GLOBAL,83.80160320641282,34.01581904453693
c_arch_0,79.13377926421404,14.067031382308196
c_arch_1,95.95729537366547,34.54290745603233
c_arch_2,80.89024390243902,48.73051124624608
c_arch_3,90.07042253521126,59.35422092191494
c_arch_4,72.93989071038251,17.073908311893184
