archetype,mean_spended_tot,std_spended_tot
GLOBAL,84.70941883767534,36.03185556294392
c_arch_0,79.78595317725753,14.128402186141596
c_arch_1,98.29537366548043,40.27151084406254
c_arch_2,80.38414634146342,50.83033240010175
c_arch_3,89.92957746478874,54.91508352347597
c_arch_4,73.7431693989071,18.52306684338026
