archetype,mean_spended_tot,std_spended_tot
GLOBAL,83.64929859719439,33.435235897291655
c_arch_0,79.47491638795987,14.637746768065282
c_arch_1,95.05338078291815,30.706223152892004
c_arch_2,79.42682926829268,49.593322944548994
c_arch_3,93.33802816901408,61.226031733002465
c_arch_4,72.98360655737704,16.77959102103992
