archetype,mean_spended_tot,std_spended_tot
GLOBAL,84.31663326653306,35.95717869894326
c_arch_0,79.45150501672241,14.490224293513089
c_arch_1,98.39857651245552,40.29628480883836
c_arch_2,81.40243902439025,51.02961001525628
c_arch_3,84.26760563380282,54.427660443270646
c_arch_4,73.27322404371584,17.14135459497375
