archetype,mean_spended_tot,std_spended_tot
GLOBAL,85.77755511022045,39.33778082499284
c_arch_0,79.92642140468227,14.6150126537339
c_arch_1,97.43772241992883,42.52054797986955
c_arch_2,88.65853658536585,58.87101831839907
c_arch_3,91.54929577464789,62.60095588781701
c_arch_4,72.6120218579235,16.540568434349154
