archetype,mean_spended_tot,std_spended_tot
GLOBAL,83.81663326653306,35.237885430266175
c_arch_0,79.27759197324414,14.399380097840426
c_arch_1,95.04982206405694,36.86535842432487
c_arch_2,84.40243902439025,54.11459319322887
c_arch_3,86.28169014084507,53.51640151755655
c_arch_4,72.50273224043715,16.95529814987008
