archetype,mean_spended_tot,std_spended_tot
GLOBAL,84.52004008016031,36.9292622513595
c_arch_0,79.62207357859532,14.52402479882846
c_arch_1,98.43416370106762,41.508219152892295
c_arch_2,80.58536585365853,48.60128282775432
c_arch_3,89.8169014084507,63.8489981707186
c_arch_4,72.62841530054645,16.906779354278864
