archetype,mean_spended_tot,std_spended_tot
GLOBAL,82.47995991983969,32.29296527134735
c_arch_0,79.11705685618729,14.889177075762134
c_arch_1,96.64768683274022,34.562992233459006
c_arch_2,76.89024390243902,43.34439232417979
c_arch_3,79.5774647887324,53.47006157570287
c_arch_4,72.35519125683061,16.328010142404754
