archetype,mean_spended_tot,std_spended_tot
GLOBAL,83.71943887775551,34.99894600627886
c_arch_0,78.8628762541806,14.362210146422614
c_arch_1,96.30249110320284,34.459152229033
c_arch_2,81.09756097560975,50.49439251041902
c_arch_3,86.15492957746478,58.284192389489014
c_arch_4,73.73770491803279,23.741211194658362
