archetype,mean_spended_tot,std_spended_tot
GLOBAL,85.35571142284569,38.26186919568794
c_arch_0,79.49163879598662,14.077533281029378
c_arch_1,96.32384341637011,38.06936949499981
c_arch_2,83.71951219512195,55.41240241015435
c_arch_3,102.5774647887324,70.7045486457213
c_arch_4,72.87978142076503,16.61148735182593
