archetype,mean_spended_tot,std_spended_tot
GLOBAL,84.89078156312625,36.51447680357885
c_arch_0,79.27424749163879,14.459096635766532
c_arch_1,96.37722419928825,33.02207131141206
c_arch_2,86.42682926829268,59.61163276103861
c_arch_3,90.11267605633803,58.88355319630544
c_arch_4,73.02732240437159,18.920722895254308
