archetype,mean_spended_tot,std_spended_tot
GLOBAL,84.00100200400801,34.54598782525206
c_arch_0,79.4648829431438,14.76918400627076
c_arch_1,96.62989323843416,36.55336162461654
c_arch_2,80.09756097560975,50.29059353095413
c_arch_3,91.50704225352112,53.900138679767686
c_arch_4,72.60655737704919,17.205556240812314
