archetype,mean_spended_tot,std_spended_tot
GLOBAL,83.1432865731463,33.16262639460579
c_arch_0,79.22408026755853,14.64272348577217
c_arch_1,95.26334519572954,35.8238005708653
c_arch_2,79.73780487804878,48.08975029562367
c_arch_3,85.22535211267606,49.95861063580491
c_arch_4,73.18032786885246,17.433870214646607
