archetype,mean_spended_tot,std_spended_tot
GLOBAL,83.63627254509018,34.941173761127196
c_arch_0,79.39799331103679,14.463056245472005
c_arch_1,97.5017793594306,38.060677547752626
c_arch_2,76.46951219512195,47.33919163643653
c_arch_3,91.35211267605634,58.71726409341374
c_arch_4,72.69945355191257,16.361048279332685
