archetype,mean_spended_tot,std_spended_tot
GLOBAL,84.17434869739479,34.818049241530034
c_arch_0,79.11036789297658,15.012898018410052
c_arch_1,94.36298932384342,30.796740034398347
c_arch_2,86.73780487804878,58.20893853364127
c_arch_3,89.53521126760563,54.48481596762677
c_arch_4,72.42622950819673,16.678398561085565
