archetype,mean_spended_tot,std_spended_tot
GLOBAL,85.38977955911824,37.86484669978604
c_arch_0,79.93645484949833,15.22204695710238
c_arch_1,97.36298932384342,38.46923516121905
c_arch_2,85.53048780487805,56.081385184192484
c_arch_3,92.08450704225352,64.24656666287939
c_arch_4,73.19125683060109,18.876158870024987
