archetype,mean_spended_tot,std_spended_tot
GLOBAL,85.28256513026052,36.61809623052392
c_arch_0,79.84949832775919,14.642751078381878
c_arch_1,96.87900355871886,36.570279019649114
c_arch_2,85.48170731707317,53.9848277436822
c_arch_3,91.80281690140845,64.03071131848928
c_arch_4,73.64480874316939,18.462899027108335
