archetype,mean_spended_tot,std_spended_tot
GLOBAL,85.01703406813627,37.6989701114398
c_arch_0,79.20735785953177,14.613033601869228
c_arch_1,97.63701067615658,40.492899513766965
c_arch_2,84.8719512195122,55.08600698448326
c_arch_3,90.8169014084507,61.34034092297894
c_arch_4,73.01092896174863,16.9980571194353
