archetype,mean_spended_tot,std_spended_tot
GLOBAL,84.38076152304609,36.43338421113899
c_arch_0,79.17056856187291,14.451527520031567
c_arch_1,96.87900355871886,37.36957729992389
c_arch_2,82.53048780487805,53.670138134422096
c_arch_3,90.4225352112676,62.51506377822205
c_arch_4,73.01639344262296,16.285730088138298
