archetype,mean_spended_tot,std_spended_tot
GLOBAL,84.48597194388778,36.90225783753262
c_arch_0,79.29765886287625,14.79167509847365
c_arch_1,95.0,34.85172674549796
c_arch_2,86.17682926829268,58.688314278308994
c_arch_3,91.4225352112676,62.82325819808888
c_arch_4,72.6120218579235,15.87995030577254
