archetype,mean_spended_tot,std_spended_tot
GLOBAL,84.16332665330661,35.673297158322065
c_arch_0,79.06688963210702,14.586776006125506
c_arch_1,95.97864768683274,34.94331490766361
c_arch_2,83.27439024390245,54.47499862401134
c_arch_3,90.88732394366197,60.64405501325505
c_arch_4,72.53551912568307,16.11216166247779
