archetype,mean_spended_tot,std_spended_tot
GLOBAL,83.66633266533066,34.45488799426938
c_arch_0,80.17391304347827,14.833410108335764
c_arch_1,94.72597864768683,34.053104555126836
c_arch_2,77.70731707317073,47.757307680914366
c_arch_3,94.25352112676056,60.689542123324955
c_arch_4,73.62295081967213,22.661991174477
