archetype,mean_spended_tot,std_spended_tot
GLOBAL,84.40180360721443,36.85575826795624
c_arch_0,80.17056856187291,14.770765272071468
c_arch_1,97.20284697508897,40.4201787354861
c_arch_2,81.51829268292683,52.466112061583104
c_arch_3,87.3943661971831,60.464742707333045
c_arch_4,73.08196721311475,16.63072928492222
