archetype,mean_spended_tot,std_spended_tot
GLOBAL,85.59218436873748,37.024823181657126
c_arch_0,79.73913043478261,14.598387813662766
c_arch_1,97.95729537366547,40.88596893209227
c_arch_2,85.3780487804878,54.582551931093235
c_arch_3,95.16901408450704,54.64560782650669
c_arch_4,72.64480874316939,16.591390685557446
