archetype,mean_spended_tot,std_spended_tot
GLOBAL,84.12825651302605,35.685514582522
c_arch_0,79.19397993311037,14.408092101301827
c_arch_1,96.05338078291815,32.79101571686629
c_arch_2,84.04268292682927,58.55785777219119
c_arch_3,86.22535211267606,56.66800487629646
c_arch_4,73.14207650273224,17.11985962169791
