archetype,mean_spended_tot,std_spended_tot
GLOBAL,84.88376753507013,37.116484441362786
c_arch_0,79.46153846153847,14.191677740432278
c_arch_1,96.90391459074733,38.400818708438926
c_arch_2,85.86585365853658,58.02881919830011
c_arch_3,87.43661971830986,55.21664666031851
c_arch_4,73.4153005464481,18.782800929595776
