archetype,mean_spended_tot,std_spended_tot
GLOBAL,84.77254509018036,36.16824288121854
c_arch_0,79.03678929765886,13.921230384869359
c_arch_1,95.84341637010677,34.94981659058173
c_arch_2,88.8719512195122,61.10878919120212
c_arch_3,86.25352112676056,50.01791630716198
c_arch_4,72.89617486338798,16.17776036238889
