archetype,mean_spended_tot,std_spended_tot
GLOBAL,84.0501002004008,36.71983843365547
c_arch_0,79.5752508361204,14.283450889615738
c_arch_1,96.92170818505338,39.22354784619963
c_arch_2,82.3780487804878,54.8705426226416
c_arch_3,85.1830985915493,58.18082891398774
c_arch_4,72.65573770491804,16.268575431431785
