archetype,mean_spended_tot,std_spended_tot
GLOBAL,84.05711422845691,34.54570830618626
c_arch_0,79.06688963210702,14.643259232981162
c_arch_1,96.60142348754448,35.71851057878038
c_arch_2,80.86585365853658,52.93154792299639
c_arch_3,91.07042253521126,50.012376737781324
c_arch_4,73.08743169398907,17.8640471850334
