archetype,mean_spended_tot,std_spended_tot
GLOBAL,83.51002004008016,35.06422535146176
c_arch_0,79.58528428093645,13.866401773970358
c_arch_1,94.12811387900356,30.04041253642189
c_arch_2,81.3780487804878,53.36841285487057
c_arch_3,89.6056338028169,68.74455383586802
c_arch_4,73.1639344262295,18.384340261560084
