archetype,mean_spended_tot,std_spended_tot
GLOBAL,83.67635270541082,34.00620130366171
c_arch_0,79.19063545150502,14.100089696899738
c_arch_1,96.11032028469751,34.40751475597686
c_arch_2,79.0548780487805,50.25337678105968
c_arch_3,90.02816901408451,54.83350691762576
c_arch_4,73.59016393442623,18.994831901966567
