archetype,mean_spended_tot,std_spended_tot
GLOBAL,84.7755511022044,36.89443482981041
c_arch_0,79.25083612040133,14.297203379204683
c_arch_1,98.01423487544484,39.46263798385297
c_arch_2,81.96951219512195,53.145064096277046
c_arch_3,94.21126760563381,60.96507559788584
c_arch_4,72.32786885245902,15.770735150635721
