archetype,mean_spended_tot,std_spended_tot
GLOBAL,86.15531062124248,39.00053913746252
c_arch_0,79.47157190635451,14.682376364496934
c_arch_1,96.82918149466192,34.88889511781568
c_arch_2,88.3048780487805,61.92201488145313
c_arch_3,100.07042253521126,68.66488475480274
c_arch_4,73.36065573770492,19.120812652466487
