archetype,mean_spended_tot,std_spended_tot
GLOBAL,83.1432865731463,33.285526717879954
c_arch_0,79.03678929765886,14.182013767057649
c_arch_1,96.7829181494662,34.9828405899193
c_arch_2,74.1890243902439,41.706919306761925
c_arch_3,91.77464788732394,60.91755486676787
c_arch_4,73.5846994535519,19.075390791219636
