archetype,mean_spended_tot,std_spended_tot
GLOBAL,83.88777555110221,34.41407293695493
c_arch_0,79.24080267558529,14.05462285209474
c_arch_1,95.87544483985765,36.28068359380173
c_arch_2,80.4390243902439,51.25985706458425
c_arch_3,90.33802816901408,51.0607323717752
c_arch_4,73.66120218579235,19.84431085404789
