archetype,mean_spended_tot,std_spended_tot
GLOBAL,86.16032064128257,38.68402396115062
c_arch_0,79.54515050167224,14.699922438300085
c_arch_1,95.94661921708185,35.01806672930499
c_arch_2,92.15243902439025,64.11957718250909
c_arch_3,96.15492957746478,63.28453837060586
c_arch_4,72.69398907103825,16.165840968525583
