archetype,mean_spended_tot,std_spended_tot
GLOBAL,84.57214428857715,35.545841192599326
c_arch_0,79.45819397993311,14.698562618027347
c_arch_1,96.17437722419929,38.0211621297936
c_arch_2,84.22560975609755,53.23421177501267
c_arch_3,90.21126760563381,52.49433044025061
c_arch_4,73.23497267759562,18.79631951565025
