archetype,mean_spended_tot,std_spended_tot
GLOBAL,82.86072144288578,33.42191966993866
c_arch_0,79.40802675585284,14.255367614508758
c_arch_1,95.932384341637,35.51255891041984
c_arch_2,78.70121951219512,50.24250148588224
c_arch_3,81.69014084507042,48.813227583542734
c_arch_4,72.6120218579235,16.241219699215975
