archetype,mean_spended_tot,std_spended_tot
GLOBAL,82.75951903807615,32.79941599538096
c_arch_0,79.08361204013377,14.138921208835319
c_arch_1,96.71174377224199,35.76708638866345
c_arch_2,75.96951219512195,45.35104029900862
c_arch_3,81.49295774647888,47.762469797182405
c_arch_4,73.91803278688525,20.853725322950645
