archetype,mean_spended_tot,std_spended_tot
GLOBAL,85.05210420841684,37.621235528211585
c_arch_0,79.05685618729098,14.307274331895211
c_arch_1,96.57295373665481,37.05347267552272
c_arch_2,89.77439024390245,61.01818357358553
c_arch_3,86.29577464788733,57.17127009913712
c_arch_4,72.44262295081967,16.42350693047969
