archetype,mean_spended_tot,std_spended_tot
GLOBAL,82.51603206412825,32.021764844527986
c_arch_0,78.71571906354515,14.27214353000081
c_arch_1,96.30604982206405,34.68612730696022
c_arch_2,74.5060975609756,42.34556885738406
c_arch_3,86.94366197183099,52.984603511355374
c_arch_4,73.01092896174863,16.53168422146463
