archetype,mean_spended_tot,std_spended_tot
GLOBAL,83.2434869739479,34.463677515159894
c_arch_0,79.31438127090301,14.565801650438491
c_arch_1,96.04270462633453,35.375712387803375
c_arch_2,79.98780487804878,51.162556741525265
c_arch_3,84.64788732394366,55.950768816765354
c_arch_4,72.38251366120218,16.679793665501784
