archetype,mean_spended_tot,std_spended_tot
GLOBAL,84.80661322645291,38.201882516915504
c_arch_0,79.03344481605352,14.277882829517154
c_arch_1,98.19217081850533,41.09994885188859
c_arch_2,85.4390243902439,59.161751356617415
c_arch_3,87.29577464788733,54.75435908705539
c_arch_4,72.15300546448087,16.703246352722882
