archetype,mean_spended_tot,std_spended_tot
GLOBAL,83.90380761523046,33.17197469622215
c_arch_0,79.47491638795987,14.56443239019943
c_arch_1,94.24555160142349,31.214926428341823
c_arch_2,83.72560975609755,52.629545251391335
c_arch_3,89.2394366197183,53.39916125310594
c_arch_4,73.34972677595628,16.841474428147606
