archetype,mean_spended_tot,std_spended_tot
GLOBAL,83.0,33.84814753090369
c_arch_0,79.03678929765886,14.195258131333402
c_arch_1,96.28825622775801,36.93660840091689
c_arch_2,73.57317073170732,41.600357032388615
c_arch_3,95.64788732394366,62.09050964785181
c_arch_4,72.6120218579235,16.28345306413315
